36⥌1.89⥌Wildlachsfilet in Blätterteig⥌GOURMET FINEST CUISINE;Mit feiner Dillsauce oder mit feinem Blattspinat, je 2 Stück, je 300-g-Packung, kg-Preis 6.30⥌aldi
31⥌4.79⥌Wildlachsfilet mit Topping⥌GOURMET FINEST CUISINE;Mit Spinat-Topping oder mit Gemüse-Topping, je 700-g-Packung, kg-Preis 6.84⥌aldi
33⥌3.99⥌Knusperente⥌GOURMET FINEST CUISINE;Halbe Ente, ohne Knochen, flüssig gewürzt, vorgegart, je 320-g-Packung, kg-Preis 12.47⥌aldi
31⥌5.79⥌Gänsebrustfilet⥌GOURMET FINEST CUISINE;Mariniert, in Backofen-Schale,⥌aldi
36⥌4.79⥌Riesengarnelen mit Schale⥌GOURMET FINEST CUISINE;Kräutermarinade, je 400-g-Packung,⥌aldi
36⥌4.79⥌Riesengarnelen mit Schale⥌GOURMET FINEST CUISINE;Natur, entdarmt, Nettogewicht = Abtropfgewicht = 360-g-Packung, kg-Preis 13.31 / Nettogewicht = Abtropfgewicht⥌aldi
26⥌1.69⥌Rösti-Sterne⥌GOURMET FINEST CUISINE;Je 600-g-Packung, kg-Preis 2.82⥌aldi
28⥌6.39⥌Rehedelgulasch⥌GOURMET FINEST CUISINE;Je 400-g-Packung, kg-Preis 15.98⥌aldi
28⥌6.39⥌Rehmedaillons⥌GOURMET FINEST CUISINE;Je 300-g-Packung, kg-Preis 21.30⥌aldi
26⥌6.59⥌Hirsch-Edelgulasch⥌GOURMET FINEST CUISINE;Aus freier Wildbahn, je 500-g-Packung,⥌aldi
35⥌2.59⥌Salami⥌GOURMET FINEST CUISINE;Verschiedene Sorten, je 200-g-Packung,⥌aldi
23⥌2.29⥌Gegrillte Thunfischfilets⥌GOURMET FINEST CUISINE;In Portionen, in Olivenöl, je 120-g-Dose,⥌aldi
29⥌4.79⥌Doradenfilets⥌GOURMET FINEST CUISINE;Mit Haut, Nettogewicht = Abtropfgewicht = 380-g-Packung, kg-Preis 12.61 / Nettogewicht = Abtropfgewicht⥌aldi
35⥌0.89⥌Fond⥌GOURMET FINEST CUISINE;Verschiedene Sorten, je 400-ml-Glas,⥌aldi
31⥌0.89⥌Pasta al Bronzo⥌GOURMET FINEST CUISINE;Spaghetti oder Linguine, je 500-g-Packung,⥌aldi
35⥌1.29⥌Pesto⥌GOURMET FINEST CUISINE;Verschiedene Sorten, je 190-g-Glas,⥌aldi
33⥌1.19⥌Leber-Pâté⥌GOURMET FINEST CUISINE;Verschiedene Sorten, enthält z. T. Alkohol,⥌aldi
33⥌0.99⥌Aufstrich mit 75 % Frucht⥌GOURMET FINEST CUISINE;Mandarine-Maracuja oder Sauerkirsch-Granatapfel, je 250-g-Glas, kg-Preis 3.96⥌aldi
28⥌1.79⥌Gourmet-Pflaumen⥌GOURMET FINEST CUISINE;Verschiedene Sorten, z. T. mit Alkohol, je 580-ml-Glas, Abtropfgewicht 305 g, kg-Preis 5.87 / Abtropfgewicht⥌aldi
29⥌1.89⥌Winterliche Eisdesserts⥌GOURMET FINEST CUISINE;Eis-Winter-Glocken oder Eis, Typ Baumkuchen, enthält Alkohol, je 4 x 85 ml = 340-ml-Packung, l-Preis 5.56⥌aldi
29⥌1.89⥌Winterliche Eisdesserts⥌GOURMET FINEST CUISINE;Eis-Kokosmakronen, enthält Alkohol, je 4 x 70 ml = 280-ml-Packung, l-Preis 6.75⥌aldi
35⥌0.89⥌Mini-Pandoro⥌GOURMET FINEST CUISINE;Je 80-g-Packung, kg-Preis 11.13⥌aldi
29⥌2.39⥌Lebkuchenherzen⥌WINTERTRAUM;Mit Zartbitterschokolade überzogen und 9 % Aprikosenpüree oder mit Vollmilchschokolade überzogen und 9 % Aprikosenpüree, fruchtig gefüllt, je 300-g-Packung, kg-Preis 7.97⥌aldi
25⥌1.49⥌Milch-Mäuse-Weihnachtsmaus⥌CHOCEUR;Neu, Edel-Vollmilchschokolade mit Milchcreme-Schicht, je 95-g-Figur, kg-Preis 15.68⥌aldi
25⥌2.99⥌2024 Grüner Veltliner Freundeskreis⥌;Österreich, trocken, je 0,75-l-Flasche,⥌aldi
35⥌0.29⥌Berliner⥌MEINE BACKWELT;Mehrfruchtfüllung, je Stück⥌aldi
40⥌0.89⥌Marzipankartoffeln⥌WINTERTRAUM;Je 125-g-Packung, kg-Preis 7.12⥌aldi
53⥌0.69⥌Brauner Rohrzucker, Fairtrade⥌;Verschiedene Sorten, ideal zum Backen,⥌aldi
28⥌0.35⥌Puderzucker⥌DIADEM;Je 250-g-Packung, kg-Preis 1.40⥌aldi
35⥌1.29⥌Bourbon-Vanilleschoten⥌BACK FAMILY;Je 2 Stück⥌aldi
20⥌0.79⥌Raffinadezucker⥌DIADEM;Je 1-kg-Packung⥌aldi
23⥌0.45⥌Weizenmehl⥌BACK FAMILY;Type 405, je 1-kg-Packung⥌aldi
18⥌0.89⥌Dinkelmehl⥌BACK FAMILY;Verschiedene Sorten, je 1-kg-Packung⥌aldi
40⥌0.35⥌Backpulver⥌BACK FAMILY;Je 10 x 15 g = 150-g-Packung,⥌aldi
35⥌0.29⥌Vanillinzucker⥌BACK FAMILY;Je 15 x 8 g = 120-g-Packung, je 15er-Packung, kg-Preis 2.42⥌aldi
21⥌0.75⥌Backpapierzuschnitte⥌POWER FORCE;Beidseitige Antihaftbeschichtung, je 30 Blatt, Maße je ca.: 38 x 42 cm, je Packung⥌aldi
26⥌1.39⥌Marzipan-Rohmasse⥌BACK FAMILY;Je 200-g-Packung, kg-Preis 6.95⥌aldi
46⥌1.39⥌Bio-Bourbonvanille-Extrakt⥌GUT BIO;Je 50-ml-Flasche, l-Preis 27.80⥌aldi
34⥌2.49⥌Haselnusskerne, gemahlen⥌BACK FAMILY;Je 200-g-Packung, kg-Preis 12.45⥌aldi
26⥌1.69⥌Mandeln, ganz⥌BACK FAMILY;Je 200-g-Packung, kg-Preis 8.45⥌aldi
41⥌1.11⥌Schoko-Tröpfchen oder -Chunks⥌BACK FAMILY;Verschiedene Sorten, je 100-g-Packung,⥌aldi
33⥌0.59⥌Super-Berliner mit Kakaocreme⥌MEINE BACKWELT;Besonders groß und fluffig, mit extra viel Creme-Füllung, nur in teilnehmenden BACKWELT Filialen² erhältlich³, je Stück⥌aldi
26⥌5.49⥌Butterschmalz⥌MILSANI;Je 500-g-Packung, kg-Preis 10.98⥌aldi
20⥌0.55⥌Zimt⥌LE GUSTO;Gemahlen, je 40-g-Glas, kg-Preis 13.75⥌aldi
25⥌1.11⥌Mandeln⥌BACK FAMILY;Verschiedene Sorten, je 100-g-Packung,⥌aldi
23⥌1.11⥌Kokos, geraspelt⥌BACK FAMILY;Je 200-g-Packung, kg-Preis 5.55⥌aldi
37⥌0.49⥌Orangeat oder Zitronat⥌BACK FAMILY;Gewürfelt, je 100-g-Packung, kg-Preis 4.90⥌aldi
  ⥌1.39⥌Birnen Conference⥌;Ursprung: Deutschland / Belgien / Niederlande, Klasse I, 1-kg-Packung⥌aldi
  ⥌3.99⥌Clementinen⥌;Ursprung: Spanien, Klasse I, 2,3-kg-Kleinsteige, kg-Preis 1.74⥌aldi
  ⥌3.69⥌Heidelbeeren⥌;Ursprung: siehe Etikett, Klasse I, 500-g-Schale, kg-Preis 7.38⥌aldi
16⥌2.49⥌Orangen⥌;Ursprung: siehe Etikett, Klasse I, 2-kg-Netz,⥌aldi
  ⥌0.55⥌Kiwi Sungold⥌ZESPRI;Ursprung: Italien, Klasse I, Stück⥌aldi
  ⥌1.59⥌Äpfel⥌KRUMME DINGER;Ursprung: Deutschland, Klasse II, 2-kg-Tasche, kg-Preis 0.80⥌aldi
  ⥌1.25⥌Mango⥌;Ursprung: siehe Etikett, Klasse I, genussreif, Stück⥌aldi
  ⥌1.65⥌Kaki⥌;Ursprung: siehe Etikett, Klasse II, 1-kg-Schale⥌aldi
  ⥌0.79⥌Physalis⥌;Ursprung: Kolumbien / Peru, 100-g-Schale,⥌aldi
  ⥌1.69⥌Bio Fairtrade Limetten⥌;Ursprung: siehe Etikett, Klasse II,⥌aldi
  ⥌1.69⥌Trauben, dunkel⥌;Ursprung: siehe Etikett, Klasse I, 500-g-Schale, kernlos, kg-Preis 3.38⥌aldi
  ⥌0.45⥌Zitrone⥌KLEINE SCHÄTZE;Ursprung: Spanien, Klasse I, Stück⥌aldi
  ⥌1.99⥌Bio Naturland Clementinen⥌;Ursprung: siehe Etikett, Klasse II, 750-g-Netz, kg-Preis 2.65⥌aldi
  ⥌1.69⥌Äpfel Elstar⥌;Ursprung: Deutschland, Klasse I, 1,1-kg-Schale, kg-Preis 1.54⥌aldi
  ⥌1.35⥌Pomelo⥌;Ursprung: China, Klasse I, lose, kg-Preis⥌aldi
  ⥌1.59⥌Himbeeren⥌;Ursprung: siehe Etikett, Klasse I, 125-g-Schale, kg-Preis 12.72⥌aldi
21⥌1.49⥌Champignons, braun⥌;Ursprung: siehe Etikett, Klasse I, 400-g-Schale, kg-Preis 3.73⥌aldi
  ⥌2.45⥌Maronen, frisch⥌;Ursprung: siehe Etikett, Klasse I, 500-g-Netz, kg-Preis 4.90⥌aldi
  ⥌1.55⥌Mini Romarispentomaten⥌;Ursprung: siehe Etikett, Klasse I,⥌aldi
  ⥌0.69⥌Fresh Cut Salat⥌;Rohkost-Mix, Ursprung: siehe Etikett,⥌aldi
  ⥌0.69⥌Fresh Cut Salat⥌;Eisberg-Mix, Ursprung: siehe Etikett,⥌aldi
  ⥌1.39⥌Bio Speisekartoffeln⥌;Ursprung: Deutschland, 1,5-kg-Beutel,⥌aldi
24⥌4.69⥌Bio-Hackfleisch, gemischt⥌BIO;Aus Rind- und Schweinefleisch, Haltungsform 5², ATC-zertifiziert, je 400-g-Packung,⥌aldi
20⥌3.79⥌Puten-Minifilets⥌FAIR & GUT;Aus dem Putenbrustfilet, Haltungsform 3², Herkunft aus Deutschland, je 350-g-Packung, kg-Preis 10.83⥌aldi
16⥌7.99⥌Filetsteak⥌FAIR & GUT;Vom Rind, Haltungsform 3², Herkunft aus Deutschland, versch. Gewichte, z. B. 217 g,⥌aldi
25⥌2.99⥌Lachsforellenfilet⥌GOLDEN SEAFOOD;Naturfilets, mit Haut, ATC-zertifiziert, GGN-zertifiziert, je 180-g-Packung, kg-Preis 16.61⥌aldi
24⥌2.19⥌Grobe Bratwurst⥌MEINE METZGEREI;Vom Schwein, zum Braten oder für den Grill, Haltungsform 2², Initiative Tierwohl, Herkunft aus Deutschland, je 400-g-Packung,⥌aldi
22⥌6.99⥌Hähnchen-Innenfilets⥌MEINE METZGEREI;XXL-Packung, Haltungsform 2², Initiative Tierwohl, je 800-g-Packung, kg-Preis 8.74⥌aldi
23⥌5.99⥌Maispoularde, goldgelb⥌MEINE METZGEREI;Ohne Hals und Innereien, mit mind. 50 % Mais gefüttert, Haltungsform 2², Initiative Tierwohl, HKL A, je 1,4-kg-Packung, kg-Preis 4.28⥌aldi
18⥌4.49⥌Hähnchen-Ofenschale⥌MEINE METZGEREI;Paprika-Rahm oder Hollandaise-Brokkoli, Haltungsform 2², Initiative Tierwohl, Qualität aus Deutschland, je 450-g-Packung,⥌aldi
34⥌0.85⥌Rainforest Alliance Bananen⥌;Ursprung: Ecuador / Costa Rica / Guatemala / Kolumbien, lose, kg-Preis⥌aldi
  ⥌1.59⥌Clementinen⥌;Ursprung: siehe Etikett, Klasse I, 1-kg-Netz⥌aldi
  ⥌1.39⥌Äpfel Gala⥌;Ursprung: Deutschland, Klasse I, 1-kg-Schale⥌aldi
  ⥌0.39⥌Kaki⥌;Ursprung: Spanien, Klasse I, Stück⥌aldi
  ⥌0.59⥌Kiwi Sungold⥌ZESPRI;Ursprung: Italien, Klasse I, Stück⥌aldi
  ⥌1.65⥌Avocado⥌;Ursprung: siehe Etikett, Klasse I, 500-g-Netz, kg-Preis 3.30⥌aldi
  ⥌1.99⥌Galia Melone⥌;Ursprung: Brasilien, Klasse I, lose, kg-Preis⥌aldi
  ⥌1.79⥌Bio Naturland Orangen⥌;Ursprung: Spanien, Klasse II, 1-kg-Netz⥌aldi
  ⥌0.49⥌Grapefruit⥌;Ursprung: Spanien, Klasse I, Stück⥌aldi
  ⥌1.59⥌Granatapfelkerne⥌;Ursprung: siehe Etikett, 90-g-Schale,⥌aldi
  ⥌1.49⥌Äpfel, rot⥌;Ursprung: Deutschland, Klasse I, 1-kg-Schale⥌aldi
  ⥌2.39⥌Nashi Birne⥌;Ursprung: China, lose, kg-Preis⥌aldi
  ⥌1.69⥌Trauben, hell⥌;Ursprung: siehe Etikett, Klasse I, kernlos,⥌aldi
16⥌0.66⥌Rucola⥌;Ursprung: Italien, Klasse I, 125-g-Schale,⥌aldi
  ⥌0.99⥌Karotten⥌;Ursprung: Deutschland, Klasse I, 2-kg-Beutel, kg-Preis 0.50⥌aldi
  ⥌1.99⥌Breite Bohnen⥌;Ursprung: siehe Etikett, Klasse I, 500-g-Beutel, kg-Preis 3.98⥌aldi
  ⥌1.59⥌Cocktailrispentomaten⥌;Ursprung: siehe Etikett, Klasse I,⥌aldi
  ⥌1.19⥌Staudensellerie⥌;Ursprung: Deutschland / Spanien / Italien, Klasse I, Stück⥌aldi
  ⥌1.11⥌Wirsing⥌;Ursprung: Deutschland, Klasse I, lose, kg-Preis⥌aldi
  ⥌1.29⥌Bio Knollensellerie⥌;Ursprung: Deutschland, Klasse I, lose, kg-Preis⥌aldi
  ⥌1.19⥌Zucchini⥌;Ursprung: Spanien, Klasse I, lose, kg-Preis⥌aldi
  ⥌3.49⥌Bio-Hamburger⥌BIO;Vom Rind, Haltungsform 5², je 260-g-Packung, kg-Preis 13.42⥌aldi
  ⥌5.99⥌Bio-Landhähnchen-Schenkel⥌NUR NUR NATUR;Natur, mit Rückenstück, Haltungsform 5², HKL A, versch. Gewichte, z. B. 666 g, kg-Preis 8.99⥌aldi
20⥌4.79⥌Schälrippe⥌MEINE METZGEREI;Vom Schwein, Haltungsform 2², Herkunft aus Deutschland, Initiative Tierwohl, versch. Gewichte, z. B. 1 kg, kg-Preis 4.79⥌aldi
20⥌3.99⥌Schnitzel⥌MEINE METZGEREI;Vom Schwein, Haltungsform 2², Herkunft aus Deutschland, Initiative Tierwohl,⥌aldi
17⥌3.29⥌Puten-Geschnetzeltes⥌FAIR & GUT;Aus dem Putenbrustfilet, Haltungsform 3², Herkunft aus Deutschland, je 350-g-Packung, kg-Preis 9.40⥌aldi
  ⥌4.99⥌Hüftsteak⥌FAIR & GUT;Vom Rind, Haltungsform 3², Herkunft aus Deutschland, versch. Gewichte, z. B. 252 g,⥌aldi
22⥌3.79⥌Halbes Hähnchen⥌MEINE METZGEREI;Gewürzt, Paprika, Haltungsform 2², Herkunft aus Deutschland, Initiative Tierwohl,⥌aldi
27⥌3.99⥌Panierte Hähnchen-Innenfilets⥌MEINE METZGEREI;Cornflakes-Style, zum Braten, Haltungsform 2², Initiative Tierwohl, Qualität aus Deutschland,⥌aldi
50⥌0.49⥌Der Große Bauer⥌BAUER;Verschiedene Sorten, je 250-g-Becher,⥌aldi
48⥌1.19⥌Frischkäse⥌PHILADELPHIA;Verschiedene Sorten, je 195-g-Packung,⥌aldi
48⥌1.19⥌Frischkäse⥌PHILADELPHIA;Schnittlauch, je 175-g-Packung, kg-Preis 6.80⥌aldi
48⥌1.19⥌Frischkäse⥌PHILADELPHIA;Milka, je 150-g-Packung, kg-Preis 7.93⥌aldi
16⥌9.99⥌Waschmittel⥌ARIEL;Flüssigwaschmittel, Color oder Universal, je 50 Waschladungen, Preis je Anwendung 0.20⥌aldi
16⥌9.99⥌Waschmittel⥌ARIEL;Pulver, Color oder Universal, je 45 Waschladungen, Preis je Anwendung 0.22⥌aldi
16⥌9.99⥌Waschmittel⥌ARIEL;Pods, Color oder Universal, je 38 Waschladungen, Preis je Anwendung 0.26⥌aldi
56⥌1.49⥌Steinofen-Pizza⥌ORIGINAL WAGNER;Thunfisch, 360-g-Packung, kg-Preis 4.14⥌aldi
56⥌1.49⥌Steinofen-Pizza⥌ORIGINAL WAGNER;Verschiedene Sorten, 350-g-Packung,⥌aldi
56⥌1.49⥌Steinofen-Pizza⥌ORIGINAL WAGNER;Salami, 320-g-Packung, kg-Preis 4.66⥌aldi
48⥌1.79⥌Piccolinis⥌ORIGINAL WAGNER;Salami, 270-g-Packung, kg-Preis 6.63⥌aldi
49⥌1.11⥌Erdnuß-Locken⥌LORENZ;Classic, je 175-g-Packung, kg-Preis 6.34⥌aldi
49⥌1.11⥌Erdnuß-Locken⥌LORENZ;Classic leicht (30 % weniger Fett als herkömmliche Erdnussflips) oder Jumbos, Classic, je 150-g-Packung, kg-Preis 7.40⥌aldi
25⥌1.11⥌Toffifee®⥌STORCK®;Original oder White, je 125-g-Packung,⥌aldi
37⥌0.99⥌Coca-Cola® / Fanta® / mezzo mix® / Sprite®⥌;Verschiedene Sorten, teilweise koffeinhaltig,⥌aldi
50⥌0.99⥌Tafelschokolade⥌MILKA;Erdbeer oder Joghurt, je 100-g-Packung,⥌aldi
50⥌0.99⥌Tafelschokolade⥌MILKA;Ganze Nuss, je 95-g-Packung, kg-Preis 10.42⥌aldi
50⥌0.99⥌Tafelschokolade⥌MILKA;Oreo Sandwich, je 92-g-Packung,⥌aldi
50⥌0.99⥌Tafelschokolade⥌MILKA;Verschiedene Sorten, je 90-g-Packung,⥌aldi
36⥌2.22⥌Französischer Weichkäse⥌GÉRAMONT;Verschiedene Sorten, je 200-g-Packung,⥌aldi
36⥌2.22⥌Französischer Weichkäse⥌GÉRAMONT;Scheiben Sahnig-mild, je 150-g-Packung,⥌aldi
34⥌1.49⥌Sandwich-Toast⥌GOLDEN TOAST;Verschiedene Sorten, je 750-g-Packung,⥌aldi
46⥌0.79⥌Energy-Drink⥌MONSTER;Verschiedene Sorten, Koffein- und taurinhaltiges Erfrischungsgetränk,⥌aldi
33⥌1.19⥌Haltbare Milch⥌WEIHENSTEPHAN;3,5 % Fett, je 1-l-Packung⥌aldi
38⥌0.79⥌Seelenwärmer⥌DR. OETKER;Milchreis oder Griess, je 60-g-Packung,⥌aldi
38⥌0.79⥌Seelenwärmer⥌DR. OETKER;Schoko, je 59-g-Packung, kg-Preis 13.39⥌aldi
38⥌0.79⥌Seelenwärmer⥌DR. OETKER;Vanille-Geschmack oder Sahne-Mandel- Geschmack, je 58-g-Packung, kg-Preis 13.62⥌aldi
  ⥌5.29⥌Shampoo⥌HEAD & SHOULDERS;Verschiedene Sorten, je 500-ml-Flasche,⥌aldi
  ⥌1.49⥌Mini Pflaumentomaten⥌;aus Marokko, Klasse I, 500g⥌edeka
  ⥌0.88⥌Eisbergsalat⥌;aus Spanien, Klasse I, Stück⥌edeka
46⥌1.79⥌Meggle Feine Butter oder Sreichzart⥌;versch. Sorten, 250g⥌edeka
41⥌1.99⥌Bergader Almzeit oder Bavaria blu Halbmond⥌;versch. Sorten und Fettstufen, 175g⥌edeka
51⥌0.49⥌Bauer Fruchtjoghurt⥌;versch. Sorten, 250g⥌edeka
24⥌6.79⥌Idee, Eilles oder Mövenpick Kaffee⥌;versch. Sorten, gemahlen, 500g⥌edeka
26⥌1.99⥌Schwartau Fruchtaufstrich⥌;versch. Sorten, 190g - 340g⥌edeka
55⥌0.49⥌Maggi Fix, Herzensküche oder Food Travel Würzpaste⥌;versch. Sorten, z.B. Fix Spaghetti Bolognese, 36g⥌edeka
40⥌2.22⥌Dr. Oetker Die Ofenfrische oder Pizza Tradizionale⥌;tiefgefroren, versch. Sorten, z.B. Die Ofenfrische Salami, 390g⥌edeka
44⥌1.11⥌Milka Schokolade⥌;versch. Sorten, 85g - 100g⥌edeka
34⥌3.29⥌Rotkäppchen Sekt⥌;versch. Sorten, 0,75l⥌edeka
26⥌4.99⥌Perwoll Renew Feinwaschmittel⥌;versch. Sorten, z.B. Für Wolle & Feines, 27WL⥌edeka
37⥌2.49⥌FERRERO Mon Chéri⥌;mit App: je 157 g (1 kg = 15.86); ohne App: je 157 g (1 kg = 17.77)⥌penny
44⥌1.11⥌RITTER SPORT Bunte Vielfalt⥌;je 100 g (1 kg = 11.10)⥌penny
34⥌1.49⥌RITTER SPORT Nuss-/Kakaoklasse*⥌;je 100 g (1 kg = 14.90)⥌penny
46⥌1.49⥌FOL EPI Käsescheiben*⥌;je 150 g (1 kg = 9.93)⥌penny
37⥌0.99⥌MEZZO MIX, COCA-COLA, FANTA oder SPRITE⥌;je 1,25 I (1 l = 0.79)⥌penny
  ⥌1.79⥌Kaki⥌;je 1-kg-Schale⥌penny
  ⥌1.99⥌CHIQUITA Bananen⥌;je kg⥌penny
  ⥌1.69⥌Heidelbeeren*⥌;je 200-g-Schale (1 kg = 8.45)⥌penny
  ⥌1.49⥌Zitronen⥌;je 750-g-Netz (1 kg = 1.99)⥌penny
  ⥌1.39⥌Zwiebeln*⥌;mit App: je 3-kg-Netz (1 kg = 0.46); ohne App: je 3-kg-Netz (1 kg = 0.53)⥌penny
  ⥌0.99⥌Deutscher bunter Möhren-Mix*⥌;je 750-g-Packung (1 kg = 1.32)⥌penny
  ⥌1.49⥌BEST MOMENTS Speisekartoffeln⥌;je 1-kg-Schale⥌penny
49⥌1.11⥌LÄTTA Halbfett­margarine⥌;mit App: je 450 g (1 kg = 2.47); ohne App: je 450 g (1 kg = 2.78)⥌penny
  ⥌1.79⥌ARLA Kærgården Butter*⥌;je 250 g (1 kg = 7.16)⥌penny
  ⥌1.19⥌DELI REFORM Perfekt zum Backen*⥌;je 500 g (1 kg = 2.38)⥌penny
44⥌1.11⥌ALMETTE Frischkäsezubereitung⥌;je 150 g (1 kg = 7.40)⥌penny
13⥌2.59⥌LINDENHOF Backcamembert⥌;je 350 g (1 kg = 7.40)⥌penny
30⥌2.22⥌MW SCHWABEN Fruchtjoghurt*⥌;je 1 kg⥌penny
  ⥌1.99⥌DR. OETKER High Protein Milchreis*⥌;je 400 g (1 kg = 4.98)⥌penny
  ⥌1.99⥌DR. OETKER Grieß Pudding*⥌;je 500 g (1 kg = 3.98)⥌penny
26⥌1.39⥌KINDER Maxi King⥌;je 3 x 35 g (1 kg = 13.24)⥌penny
35⥌0.89⥌MÜLLER Frucht Butter Milch⥌;je 500 g (1 kg = 1.78)⥌penny
33⥌0.99⥌RAMA Cremefine*⥌;je 250 ml (1 l = 3.96)⥌penny
  ⥌4.79⥌BERIDA XXL Räucherlachs*⥌;je 220 g (1 kg = 21.77)⥌penny
  ⥌1.99⥌BERIDA Knusper-Fisch*⥌;je 300 g (1 kg = 6.63)⥌penny
  ⥌1.59⥌MCCAIN Chef Frites*⥌;je 750 g (1 kg = 2.12)⥌penny
  ⥌3.99⥌ANDERSSON’S Köttbullar*⥌;je 500 g (1 kg = 7.98)⥌penny
11⥌0.79⥌MILPRIMA Milchdrink⥌;mit App: je 500 ml (1 l = 1.58); ohne App: je 500 ml 0.89 (1 l = 1.78)⥌penny
25⥌3.49⥌GUSTAVO GUSTO Pizza Margherita⥌;mit App: je 410 g (1 kg = 8.51); ohne App: je 410 g 4.69 (1 kg = 11.44)⥌penny
25⥌3.49⥌GUSTAVO GUSTO Pizza Salame⥌;mit App: je 460 g (1 kg = 7.59); ohne App: je 460 g 4.69 (1 kg = 10.20)⥌penny
25⥌1.00⥌BÄCKERKRÖNUNG Weizenbrötchen⥌;je 7 Stück⥌penny
  ⥌1.99⥌BÄCKERKRÖNUNG Mini Chinois⥌;je 300 g (1 kg = 6.63)⥌penny
25⥌1.49⥌LAY’S Stax⥌;je 170 g (1 kg = 8.76)⥌penny
37⥌1.99⥌MILKA Nussini Riegel*⥌;je 5 x 31,5 g (1 kg = 12.63)⥌penny
37⥌1.99⥌MILKA Peanut & Caramel Riegel*⥌;je 5 x 37 g (1 kg = 10.76)⥌penny
  ⥌3.99⥌FERRERO Kinder Schoko-Bons*⥌;je 200 g (1 kg = 19.95)⥌penny
  ⥌4.75⥌FERRERO Kinder Schokolade*⥌;je 4 x 100 g (1 kg = 11.88)⥌penny
  ⥌4.75⥌FERRERO Yogurette*⥌;je 4 x 100 g (1 kg = 11.88)⥌penny
30⥌3.49⥌HARIBO Fruchtgummi*⥌;je 650 g (1 kg = 5.37)⥌penny
  ⥌7.99⥌DRESDNER STOLLEN*⥌;je 1.000 g⥌penny
33⥌1.99⥌FERRERO Kinder Bueno⥌;mit App: je 6 x 21,5 g (1 kg = 15.43); ohne App: je 6 x 21,5 g 2.99 (1 kg = 23.18)⥌penny
33⥌1.99⥌FERRERO Kinder Bueno White⥌;mit App: je 6 x 19,5 g (1 kg = 17.01) ; ohne App: je 6 x 19,5 g 2.99 (1 kg = 25.56)⥌penny
  ⥌1.49⥌COVO American Style Cookies⥌;je 225 g (1 kg = 6.62)⥌penny
  ⥌1.49⥌COVO Schoko & Keks Sticks⥌;je 90 g (1 kg = 16.56)⥌penny
  ⥌1.49⥌COVO Double Choc⥌;je 225 g (1 kg = 6.62)⥌penny
  ⥌1.49⥌COVO Cookies⥌;je 150 g (1 kg = 9.93)⥌penny
  ⥌1.79⥌COVO Schoko-Milchtaler⥌;je 6 x 37,5 g (1 kg = 7.96)⥌penny
  ⥌1.99⥌COVO Jaffa Cake⥌;je 300 g (1 kg = 6.63)⥌penny
  ⥌1.49⥌COVO Mini Doppelkeks⥌;je 6 x 37,5 g (1 kg = 6.62)⥌penny
  ⥌3.99⥌COVO Schwedisches Hafergebäck⥌;je 600 g (1 kg = 6.65)⥌penny
  ⥌3.99⥌COVO Schwedisches Hafergebäck Schoko⥌;je 525 g (1 kg = 7.60)⥌penny
  ⥌2.89⥌COVO Waffelmischung⥌;je 400 g (1 kg = 7.23)⥌penny
  ⥌2.89⥌COVO Gebäckmischung⥌;je 500 g (1 kg = 5.78)⥌penny
  ⥌1.59⥌COVO Schoko Butterkeks⥌;je 125 g (1 kg = 12.72)⥌penny
  ⥌1.99⥌COVO Butterkeks⥌;je 2 x 200 g (1 kg = 4.98)⥌penny
  ⥌1.25⥌COVO Doubletti Haselnuss⥌;je 250 g (1 kg = 5.00)⥌penny
  ⥌2.69⥌COVO Butter Spritzgebäck⥌;je 400 g (1 kg = 6.73)⥌penny
  ⥌1.99⥌COVO Mini-Schweinsöhrchen⥌;je 225 g (1 kg = 8.84)⥌penny
  ⥌4.99⥌DOUCEUR Edel-Marzipan-Stollen⥌;je 1.000 g⥌penny
  ⥌1.19⥌DOUCEUR Weihnachtsmann⥌;je 120 g⥌penny
  ⥌1.99⥌DOUCEUR Schokogeld⥌;je 150 g (1 kg = 13.27)⥌penny
  ⥌1.49⥌DOUCEUR Marzipan Kartoffeln⥌;je 125 g (1 kg = 11.92)⥌penny
  ⥌2.39⥌DOUCEUR Weihnachtsfiguren⥌;je 100 g (1 kg = 23.90)⥌penny
  ⥌1.69⥌DOUCEUR Gewürzspekulatius⥌;je 600 g (1 kg = 2.82)⥌penny
  ⥌2.99⥌DOUCEUR Baumkuchenspitzen⥌;je 150 g⥌penny
  ⥌3.49⥌MÜHLENHOF Frische Schweine-Medaillons*⥌;mit App: je 400-g-Packung (1 kg = 8.73); ohne App: je 400-g-Packung (1 kg = 9.98)⥌penny
  ⥌5.99⥌MÜHLENHOF Frisches Hackfleisch, gemischt⥌;je 800-g-Packung (1 kg = 7.49)⥌penny
  ⥌6.99⥌MÜHLENHOF Frische Hähnchen-Minutenschnitzel*⥌;je 800-g-Packung (1 kg = 8.74)⥌penny
  ⥌5.49⥌Frischer Hähnchenrollbraten*⥌;je 500-g-Packung (1 kg = 10.98)⥌penny
  ⥌6.99⥌MÜHLENHOF Frisches Puten-Gulasch*⥌;je 800-g-Packung (1 kg = 8.74)⥌penny
  ⥌9.99⥌MÜHLENHOF Frischer Rinder-Sauerbraten*⥌;je 1.000-g-Packung (1 kg = 16.65)⥌penny
  ⥌3.99⥌MEISTERKLASSE Hähnchenwiener*⥌;je 600 g (1 kg = 6.65)⥌penny
  ⥌0.99⥌CHARLY’S CHICKEN Hähnchenbrust*⥌;je 75 g (1 kg = 13.20)⥌penny
  ⥌2.49⥌BERGER Gourmet Aufschnitt*⥌;je 200 g (1 kg = 12.45)⥌penny
  ⥌3.33⥌EIFELER Fleischgericht*⥌;je 500 g (1 kg = 6.66)⥌penny
  ⥌2.99⥌JACK LINK’S Beef Jerky*⥌;je 60 g (1 kg = 49.83)⥌penny
  ⥌1.79⥌SNACK IT Kabanos*⥌;je 120 g (1 kg = 14.92)⥌penny
25⥌5.99⥌BUTCHER’S Spare Ribs⥌;mit App: je 600-g-Packung (1 kg = 9.98); ohne App: je 600-g-Packung 7.99 (1 kg = 13.32)⥌penny
41⥌0.99⥌THOMY Les Sauces⥌;je 250 ml (1 l = 3.96)⥌penny
31⥌1.99⥌MILKANA Schmelzkäse⥌;je 190 g (1 kg = 10.47)⥌penny
25⥌1.49⥌Dschungeltiere⥌;Aus der laufenden Treueaktion, je Stück mit Sammelheft⥌penny
31⥌1.99⥌MILKANA Tolle Rolle*⥌;je 100 g (1 kg = 19.90)⥌penny
27⥌1.59⥌BÄRENMARKE Frischer Kakao*⥌;je 1 l⥌penny
24⥌3.79⥌COPPENRATH & WIESE Lust auf Kuchen*⥌;je 550 g (1 kg = 6.89)⥌penny
  ⥌2.99⥌DR. OETKER The Taste of Christmas Backmischung*⥌;je 375 g (1 kg = 7.97)⥌penny
  ⥌1.99⥌ZENTIS Erdnussbutter*⥌;je 350 g (1 kg = 5.69)⥌penny
37⥌2.49⥌TONY’S Schokolade*⥌;je 180 g (1 kg = 13.83)⥌penny
40⥌1.19⥌FUNNY-FRISCH Intense⥌;je 110 g (1 kg = 10.82)⥌penny
40⥌1.19⥌FUNNY-FRISCH Chipsfrisch⥌;je 150 g (1 kg = 7.93)⥌penny
  ⥌4.99⥌SENSODYNE Zahncreme*⥌;je 3 x 75 ml (1 l = 22.18)⥌penny
14⥌17.99⥌LENOR All in 1 Color Pods*⥌;je 1.490 g (1 kg = 12.07)⥌penny
14⥌17.99⥌LENOR Waschmittel*⥌;je 4,95 kg (1 kg = 3.63)⥌penny
40⥌0.89⥌MAGGI 5 Minuten Terrine Nudeln in Tomaten-Mozzarella-Sauce⥌;mit App: je 55 g (1 kg = 16.18); ohne App: je 55 g (1 kg = 18.00)⥌penny
40⥌0.89⥌MAGGI 5 Minuten Terrine Kartoffelbrei mit Fleischklößchen⥌;mit App: je 46 g (1 kg = 19.35); ohne App: je 46 g (1 kg = 21.52)⥌penny
50⥌1.99⥌3 GLOCKEN Genuss pur Teigware*⥌;je 1.000 g⥌penny
37⥌2.49⥌MIRÁCOLI Pastasauce*⥌;je 675 g (1 kg = 3.69)⥌penny
  ⥌2.99⥌MIRÁCOLI Pasta Klassiker*⥌;je 610,4 g (1 kg = 4.90)⥌penny
  ⥌2.69⥌BEN’S ORIGINAL Reis*⥌;je 875 g (1 kg = 3.07)⥌penny
39⥌1.39⥌BEN’S ORIGINAL Expressreis⥌;je 220 g (1 kg = 6.32)⥌penny
39⥌1.39⥌BEN’S ORIGINAL Expressreis⥌;je 220 g (1 kg = 6.32)⥌penny
  ⥌2.49⥌BEN’S ORIGINAL Sauce*⥌;je 675 g (1 kg = 3.69)⥌penny
  ⥌1.79⥌EBLY Sonnenweizen*⥌;je 500 g (1 kg = 3.58)⥌penny
35⥌1.29⥌ORO DI PARMA Kirschtomaten*⥌;je 400 g (1 kg = 5.38)⥌penny
25⥌25%Rabatt⥌Knorr-Sortiment⥌;⥌penny
  ⥌1.11⥌SURIG Essig­essenz*⥌;je 450 g (1 kg = 2.47)⥌penny
  ⥌1.39⥌NATURGUT Bio Landbrötchen⥌;je 280 g (1 kg = 4.96)⥌penny
  ⥌0.85⥌NATURGUT Bio Haferflocken⥌;je 500 g (1 kg = 1.70)⥌penny
26⥌1.99⥌SCHWARTAU Extra Konfitüre*⥌;je 340 g (1 kg = 5.85)⥌penny
26⥌1.99⥌SCHWARTAU Samt Fruchtaufstrich*⥌;je 270 g (1 kg = 7.37)⥌penny
  ⥌1.79⥌MEßMER Wintertee*⥌;je 45 g (1 kg = 39.78)⥌penny
25⥌4.44⥌NESCAF ÉInstant*⥌;je 95 g (1 kg = 46.74)⥌penny
27⥌6.49⥌JACOBS Kaffee*⥌;je 500 g (1 kg = 12.98)⥌penny
36⥌13.99⥌DALLMAYR Crema d’Oro*⥌;je 1.000 g⥌penny
27⥌1.29⥌MONDAMIN Soßen­binder*⥌;mit App: je 275 g (1 kg = 4.69); ohne App: je 275 g 1.79 (1 kg = 6.51)⥌penny
25⥌2.99⥌MAZZETTI Rosato Condimento*⥌;mit App: je 500 ml (1 l = 5.98); ohne App: je 500 ml 3.99 (1 l = 7.98)⥌penny
25⥌2.99⥌MAZZETTI Aceto Balsamico di Modena I.G.P⥌;mit App: je 500 ml (1 l = 5.98); ohne App: je 500 ml 3.99 (1 l = 7.98)⥌penny
17⥌2.29⥌BRANDT Markenzwieback⥌;mit App: je 450 g (1 kg = 5.09); ohne App: je 450 g 2.79 (1 kg = 6.20)⥌penny
33⥌5.99⥌NESCAFÉ Classic⥌;mit App: je 200 g (1 kg = 29.95); ohne App: je 200 g 8.99 (1 kg = 44.95)⥌penny
28⥌9.99⥌BAILEYS Irish Cream Liqueur Schokolade Haselnuss*⥌;je 0,5 l (1 l = 19.98)⥌penny
28⥌9.99⥌BAILEYS Irish Cream Liqueur Original*⥌;je 0,7 l (1 l = 14.27)⥌penny
44⥌1.59⥌HOHES C Saft*⥌;je 1 l⥌penny
25⥌5.99⥌COCA-COLA Friendspack*⥌;je 10 x 0,33 l (1 l = 1.82)⥌penny
37⥌3.49⥌RED BULL Energy-Drink⥌;je 4 x 250 ml (1 l = 3.49)⥌penny
28⥌2.49⥌ROBBY BUBBLE Kinderpunsch*⥌;je 0,75 l (1 l = 3.32)⥌penny
20⥌1.99⥌NATURGUT Bio Tempranillo Glühwein⥌;je 0,75 l (1 l = 2.65)⥌penny
38⥌5.99⥌GORBATSCHOW Wodka⥌;mit App: je 0,7 l (1 l = 8.56); ohne App: je 0,7 l (1 l = 9.27)⥌penny
22⥌0.88⥌CORONA Extra*⥌;je 0,33 l (1 l = 2.67)⥌penny
10⥌10%Rabatt⥌AirWick-Raumdüfte⥌;außer Kerzen⥌penny
  ⥌0.85⥌TODAY DENT Mundspülung⥌;je 500 ml (1 l = 1.70)⥌penny
  ⥌6.99⥌LISTERINE Mundspülung Duo*⥌;je 500 ml + 600 ml (1 l = 6.35)⥌penny
  ⥌0.99⥌KNEIPP Badekissen*⥌;je 40 g (1 kg = 24.75)⥌penny
  ⥌2.49⥌KNEIPP Cremedusche*⥌;je 200 ml (1 l = 12.45)⥌penny
  ⥌1.15⥌TODAY Softpflegecreme⥌;je 250 ml (1 l = 4.60)⥌penny
  ⥌2.99⥌BESPOKE Body Spray*⥌;je 150 ml (1 l = 19.93)⥌penny
  ⥌7.99⥌BESPOKE Men EdP Duft*⥌;je 100 ml (1 l = 79.90)⥌penny
  ⥌4.49⥌TEMPO Trio-Box*⥌;je 3 x 100 Blatt⥌penny
  ⥌0.95⥌BLIK Allzweckreiniger⥌;je 1 l⥌penny
15⥌2.79⥌SAGROTAN Allzweck & Bodenreiniger*⥌;je 1,5 l (1 l = 1.86)⥌penny
15⥌2.79⥌SAGROTAN WC-Reiniger*⥌;je 750 ml (1 l = 3.72)⥌penny
14⥌5.99⥌SAGROTAN Wäsche-Hygienespüler*⥌;je 3 l (1 l = 2.00)⥌penny
11⥌7.99⥌VANISH Oxi Action*⥌;je 1.125 g (1 kg = 7.10)⥌penny
  ⥌9.99⥌CORAL Color*⥌;je 3 l (1 l = 3.33)⥌penny
20⥌1.99⥌LENOR Weichspüler⥌;mit App: je 756 ml (1 l = 2.63); ohne App: je 756 ml 2.49 (1 l = 3.29)⥌penny
15⥌15%Rabatt⥌FlixBus Geschenkkarte⥌;Mit App: je Stück⥌penny
  ⥌1.39⥌Mini-Weihnachtsstern*⥌;je Stück⥌penny
  ⥌2.49⥌Amaryllis*⥌;je Bund⥌penny
  ⥌2.99⥌Topfrose*⥌;je Stück⥌penny
  ⥌1.19⥌MILPRIMA Skyr Natur⥌;je 500 g (1 kg = 2.38)⥌penny
  ⥌1.39⥌MILPRIMA Skyr Vanille⥌;je 500 g (1 kg = 2.78)⥌penny
  ⥌0.59⥌MILPRIMA Speisequark⥌;je 250 g (1 kg = 2.36)⥌penny
  ⥌0.59⥌MILPRIMA Speisequark⥌;je 250 g (1 kg = 2.36)⥌penny
  ⥌0.69⥌MILPRIMA Speisequark⥌;je 250 g (1 kg = 2.76)⥌penny
  ⥌0.99⥌MILPRIMA Speisequark⥌;je 500 g (1 kg = 1.98)⥌penny
  ⥌0.99⥌NATURGUT Bio Speisequark⥌;je 250 g (1 kg = 3.96)⥌penny
  ⥌0.89⥌NATURGUT Bio Zukunftsbauer Schmand⥌;je 150 g (1 kg = 5.93)⥌penny
  ⥌0.79⥌MILPRIMA H-Schmand⥌;je 200 g (1 kg = 3.95)⥌penny
  ⥌0.99⥌MILPRIMA Crème Fraîche⥌;je 200 g (1 kg = 4.95)⥌penny
  ⥌0.59⥌MILPRIMA Saure Sahne⥌;je 200 g (1 kg = 2.95)⥌penny
  ⥌0.89⥌MILPRIMA Schlagsahne⥌;je 200 g (1 kg = 4.45)⥌penny
  ⥌0.89⥌MILPRIMA H-Schlagsahne⥌;je 200 g (1 kg = 4.45)⥌penny
  ⥌0.99⥌MILPRIMA H-Schlagsahne laktosefrei⥌;je 200 g (1 kg = 4.95)⥌penny
  ⥌4.99⥌Adventskerzen*⥌;je Packung⥌penny
  ⥌4.99⥌Adventskerzen 1, 2, 3, 4*⥌;je 4er-Packung⥌penny
  ⥌3.99⥌LED-Türschleife*⥌;je Stück⥌penny
  ⥌3.99⥌Tiere aus Filz*⥌;je Stück⥌penny
  ⥌1.99⥌Weihnachts-Deko*⥌;je Stück/Packung⥌penny
  ⥌7.99⥌LED-Stern-Lichterkette*⥌;je Stück⥌penny
  ⥌2.99⥌Haushaltskerzen*⥌;je 8er-Packung⥌penny
  ⥌2.99⥌Tafelkerzen*⥌;je Set⥌penny
  ⥌9.99⥌LED-Echtwachskerzen*⥌;je 3er-Set⥌penny
  ⥌4.99⥌LED-Deko-Bäume-Set*⥌;je Set⥌penny
  ⥌1.49⥌Mini-Wichtel*⥌;je Stück⥌penny
  ⥌5.99⥌LED-Deko-Tannen-Set*⥌;je 2er-Set⥌penny
  ⥌5.99⥌LED-Deko-Häuser-Set*⥌;je 2er-Set⥌penny
  ⥌2.99⥌Fensterbild XXL*⥌;je Stück/Packung⥌penny
  ⥌3.99⥌Geschirrtücher*⥌;je 3er-Packung⥌penny
30⥌69.99⥌TONIES Toniebox*⥌;je Stück⥌penny
23⥌12.99⥌Hörfiguren für die Toniebox*⥌;je Stück⥌penny
55⥌19.99⥌SIMBA STEFFI Spiel-Set Einhorn mit Steffi*⥌;je Set⥌penny
20⥌7.99⥌SIKU Spielfahrzeuge-Geschenk-Set*⥌;je Set⥌penny
  ⥌9.99⥌TIPTOI Buch*⥌;je Stück⥌penny
  ⥌9.99⥌RAVENSBURGER Kinder-Spiel*⥌;​​​​​​​je Stück⥌penny
  ⥌9.99⥌RAVENSBURGER POKÉMON Puzzle für Erwachsene*⥌;​​​​​​​je Stück⥌penny
  ⥌4.99⥌RAVENSBURGER SUPERMARIO Kinder-Spiel oder POKÉMON-Puzzle*⥌;je Stück⥌penny
  ⥌6.39⥌CAMPRELLA Kinder-Hausschuhe*⥌;je Paar⥌penny
  ⥌2.49⥌Roter Weihnachtsstern*⥌;je Stück⥌penny
  ⥌3.99⥌Christrose*⥌;je Stück⥌penny
  ⥌5.99⥌Herbst-Mix*⥌;je Tray⥌penny
63⥌64.99⥌PHILIPS Bodenstaubsauger FC8241/09*⥌;je Stück⥌penny
46⥌10.99⥌SWIRL Staubfilterbeutel-Jahrespackung*⥌;je 6er-Packung⥌penny
  ⥌9.99⥌SWIFFER Bodenwischer-Starter-Set 3D CLEAN*⥌;je Set⥌penny
  ⥌3.99⥌SWIFFER Feuchte Bodenwischtücher*⥌;je 10er-Box⥌penny
  ⥌3.99⥌SWIFFER Staubmagnet-Starter-Set*⥌;je Set⥌penny
  ⥌12.99⥌SWIFFER Staubmagnet-Ersatztücher*⥌;je 18er-Mega-Pack⥌penny
  ⥌1.00⥌Praktische Haushaltshelfer*⥌;je Stück/Packung/Set⥌penny
33⥌39.99⥌KÄRCHER Fenstersauger KWI 1 PLUS*⥌;je Stück/Packung⥌penny
44⥌3.33⥌DANONE Actimel Drink*⥌;je 1.200 g (1 kg = 2.78)⥌penny
35⥌1.29⥌BECEL Margarine⥌;je 225 g (1 kg = 5.73)⥌penny
28⥌3.49⥌KERRYGOLD Irisches Butterschmalz*⥌;je 250 g (1 kg = 13.96)⥌penny
35⥌2.59⥌PRÉSIDENT Camembert*⥌;je 250 g (1 kg = 10.36)⥌penny
10⥌1.69⥌MITAKOS Hirtenkäse⥌;je 250 g (1 kg = 6.76)⥌penny
33⥌1.59⥌ARLA Finello Reibekäse*⥌;je 150 g (1 kg = 10.60)⥌penny
  ⥌0.99⥌MILPRIMA High Protein Pudding*⥌;je 200 g (1 kg = 4.95)⥌penny
  ⥌4.99⥌MÜHLENHOF Frisches Hähnchen-Geschnetzeltes*⥌;je 800-g-Packung (1 kg = 6.24)⥌penny
  ⥌2.49⥌MÜHLENHOF XXL Delikatess Hinterschinken*⥌;je 350 g (1 kg = 7.11)⥌penny
  ⥌1.59⥌Clementinen*⥌;je 1-kg-Netz⥌penny
  ⥌1.39⥌Rote Paprika*⥌;je 500-g-Packung (1 kg = 2.78)⥌penny
  ⥌1.99⥌BARILLA Proteinpasta*⥌;je 400 g (1 kg = 4.98)⥌penny
20⥌1.99⥌BONDUELLE Lunch Bowl*⥌;je 250 g (1 kg = 7.96)⥌penny
  ⥌2.29⥌DU DARFST Fertiggericht*⥌;je 375 g (1 kg = 6.11)⥌penny
20⥌1.59⥌HENGSTENBERG Mildessa Kraut*⥌;je 400 g (1 kg = 3.98)⥌penny
  ⥌1.49⥌KOCH’S Sauce*⥌;je 140 ml (1 l = 10.64)⥌penny
24⥌3.79⥌RAPSO Rapsöl⥌;je 750 ml (1 l = 5.05)⥌penny
28⥌2.49⥌KÖLLN Hafer-Porridge*⥌;je 375 g (1 kg = 6.64)⥌penny
27⥌1.59⥌MEßMER Früchtetee*⥌;je 55 g (1 kg = 28.91)⥌penny
39⥌1.99⥌NESTLÉ Nesquik⥌;je 350 g (1 kg = 5.69)⥌penny
38⥌12.99⥌JACOBS Ganze Bohnen*⥌;je 1.000 g⥌penny
34⥌6.99⥌MÖVENPICK Kaffee*⥌;je 500 g (1 kg = 13.98)⥌penny
39⥌2.22⥌LAVAZZA Kaffeepads*⥌;je 125 g (1 kg = 17.76)⥌penny
15⥌3.79⥌MERCI Finest Selection*⥌;je 250 g (1 kg = 15.16)⥌penny
25⥌2.39⥌MERCI Weihnachtsmann*⥌;je 120 g (1 kg = 19.92)⥌penny
20⥌1.59⥌MILKA Mini Cookies*⥌;je 110 g (1 kg = 14.45)⥌penny
20⥌1.59⥌OREO Crunchies*⥌;je 110 g (1 kg = 14.45)⥌penny
20⥌1.59⥌DE BEUKELAER Cremys*⥌;je 200 g (1 kg = 7.95)⥌penny
20⥌1.59⥌DE BEUKELAER Prinzen Rolle Minis*⥌;je 6 x 37,5 g (1 kg = 7.07)⥌penny
  ⥌0.99⥌STORCK Mamba Beach*⥌;je 160 g (1 kg = 6.19)⥌penny
22⥌3.49⥌STORCK Toffifee*⥌;je 375 g (1 kg = 9.31)⥌penny
  ⥌2.49⥌TILLY Kaffeekuchen*⥌;je 400 g (1 kg = 6.23)⥌penny
  ⥌2.49⥌TILLY Chinois*⥌;je 350 g (1 kg = 7.11)⥌penny
16⥌2.49⥌KABA Knusperriegel*⥌;je 5 x 30 g (1 kg = 16.60)⥌penny
16⥌2.49⥌KABA Waffelriegel*⥌;je 4 x 40 g (1 kg = 15.56)⥌penny
  ⥌9.99⥌JIM BEAM Whiskey*⥌;mit App: je 0,7 I (1 l = 14.27); ohne App: je 0,7 I (1 l = 15.70)⥌penny
33⥌33.90⥌PAMPERS Windeln Big Pack⥌;je 3 Packungen⥌penny
  ⥌6.45⥌ALPECIN Coffein Shampoo + Liquid*⥌;je 250 ml (1 l = 25.80)⥌penny
  ⥌3.99⥌BULLRICH Heilerde Paste*⥌;je 200 ml (1 l = 19.95)⥌penny
  ⥌1.79⥌BULLRICH Heilerde Tuchmaske*⥌;je Stück⥌penny
  ⥌1.99⥌PALMOLIVE Flüssigseife*⥌;je 2 x 300 ml (1 l = 3.32)⥌penny
  ⥌1.99⥌PALMOLIVE Duschgel*⥌;je 2 x 250 ml (1 l = 3.98)⥌penny
  ⥌2.99⥌DREAMIES*⥌;je 180 g (1 kg = 16.61)⥌penny
  ⥌2.99⥌WHISKAS Knuspertaschen*⥌;je 180 g (1 kg = 16.61)⥌penny
  ⥌15.99⥌WHISKAS Tasty Mix*⥌;je 60 x 85 g (1 kg = 3.14)⥌penny
  ⥌15.99⥌SHEBA Delikatesse in Gelee*⥌;je 40 x 85 g (1 kg = 4.70)⥌penny
  ⥌3.99⥌FELIX So gut wie es aussieht in Gelee⥌;je 12 x 85 g (1 kg = 3.91)⥌penny
40⥌1.77⥌MARS Balisto⥌;je 8 x 18,5 g (1 kg = 11.96)⥌penny
40⥌1.77⥌MARS Twix⥌;je 5 x 50 g (1 kg = 7.08)⥌penny
56⥌0.39⥌ZOTT Sahnejoghurt⥌;mit App: je 140 g (1 kg = 2.79); ohne App: je 140 g (1 kg = 3.14)⥌penny
48⥌2.29⥌IGLO 15 Fischstäbchen⥌;mit App: je 450 g (1 kg = 5.09); ohne App: je 450 g (1 kg = 5.53)⥌penny
48⥌2.29⥌IGLO 13 Backfisch-Stäbchen⥌;mit App: je 364 g (1 kg = 6.29); ohne App: je 364 g (1 kg = 6.84)⥌penny
48⥌1.79⥌BARILLA Pesto Alla Genovese⥌;mit App: je 190 g (1 kg = 9.42); ohne App: je 190 g (1 kg = 10.47)⥌penny
48⥌1.79⥌BARILLA Pesto Rosso⥌;mit App: je 200 g (1 kg = 8.95); ohne App: je 200 g (1 kg = 9.95)⥌penny
  ⥌5.49⥌BERTOLLI Natives Olivenöl*⥌;mit App: je 500 ml (1 l = 10.98); ohne App: je 500 ml (1 l = 11.98)⥌penny
60⥌0.35⥌EHRMANN Almighurt Joghurt⥌;mit App: je 150 g (1 kg = 2.33); ohne App: je 150 g (1 kg = 2.60)⥌penny
36⥌13.99⥌LAVAZZA Caffè Crema*⥌;je 1.000 g⥌penny
  ⥌0.77⥌Eisbergsalat⥌;je Stück⥌penny
  ⥌0.77⥌MILCHWOLKE H-Milch*⥌;je 1 I⥌penny
18⥌3.99⥌FERRERO Kinder Riegel*⥌;je 18 x 21 g (1 kg = 10.56)⥌penny
18⥌3.99⥌FERRERO Duplo*⥌;je 18 x 18,2 g (1 kg = 12.18)⥌penny
  ⥌3,49⥌Volvic Mineralwasser⥌;naturelle , je 6 x 1,5-l-Fl.-Pckg , (1 l = 0,39) , zzgl. 1,50 Pfand⥌rewe
  ⥌0,39⥌Müller Milch Reis⥌;versch. Sorten , je 200-g-Becher , (1 kg = 1,95)⥌rewe
  ⥌0,79⥌Pepsi⥌;versch. Sorten, koffeinhaltig , je 1,25-l-Fl , (1 l = 0,63) , zzgl. 0,25 Pfand⥌rewe
  ⥌1,11⥌Chio Tortillas⥌;Nacho Cheese Style , je 110-g-Btl , (1 kg = 10,09)⥌rewe
  ⥌1,11⥌Chio Ready Made Popcorn⥌;süß , je 120-g-Btl , (1 kg = 9,25)⥌rewe
  ⥌1,59⥌Storck Knoppers oder Knoppers Nussriegel⥌;je 8 x 25/5 x 40-g-Pckg , (1 kg = 7,95)⥌rewe
  ⥌1,79⥌Bananen⥌;Ursprung: siehe Etikett , je 1 kg⥌rewe
  ⥌1,59⥌Original Wagner Flammkuchen Elsässer Art⥌;tiefgefroren , je 300-g-Pckg , (1 kg = 5,30)⥌rewe
  ⥌1,59⥌Original Wagner Steinofen Pizza Salami⥌;tiefgefroren , je 320-g-Pckg , (1 kg = 4,97)⥌rewe
  ⥌1,69⥌Grünländer Käsescheiben mild & nussig oder Naturfreunde Tilsiterscheiben⥌;je 140-g-Pckg , (1 kg = 12,07)⥌rewe
  ⥌0,49⥌Müller Joghurt mit der Ecke⥌;versch. Sorten , je 150-g-Becher , (1 kg = 3,27)⥌rewe
  ⥌1,11⥌Chio Tortillas⥌;Nacho Cheese Style , je 110-g-Btl , (1 kg = 10,09)⥌rewe
  ⥌1,11⥌Chio Ready Made Popcorn⥌;süß , je 120-g-Btl , (1 kg = 9,25)⥌rewe
  ⥌2,99⥌Mars Celebrations⥌;je 186-g-Pckg , (1 kg = 16,08)⥌rewe
  ⥌2,99⥌Iglo 15 Fischstäbchen⥌;tiefgefroren , je 450-g-Pckg , (1 kg = 6,64)⥌rewe
  ⥌2,99⥌Iglo 13 Backfischstäbchen⥌;tiefgefroren , je 364-g-Pckg , (1 kg = 8,21)⥌rewe
  ⥌0,99⥌Monster Energy Drink⥌;versch. Sorten, koffeinhaltig , je 0,5-l-Dose , (1 l = 1,98) , zzgl. 0,25 Pfand⥌rewe
  ⥌0,99⥌Knorr Pasta Pot⥌;Käse & Sahne , je 63-g-Becher , (1 kg = 15,71)⥌rewe
  ⥌2,99⥌Mars Snickers Minis⥌;je 227-g-Pckg , (1 kg = 13,17)⥌rewe
  ⥌4,99⥌Peroni Nastro Azzurro⥌;je 6 x 0,33-l-Fl.-Sixpack , (1 l = 2,52) , zzgl. 0,48 Pfand⥌rewe
  ⥌6,49⥌Puschkin Vodka⥌;37,5% Vol. , je 0,7-l-Fl , (1 l = 9,27)⥌rewe
  ⥌1,99⥌Reinert Schinken Nuggetz⥌;herzhaft oder extra mager , je 150-g-Pckg , (1 kg = 13,27)⥌rewe
  ⥌3,29⥌Nivea Soft Creme⥌;je 200-ml-Tiegel , (1 l = 16,45)⥌rewe
  ⥌2,59⥌Always Slipeinlagen Daily Fresh⥌;Normal , je 56-St.-Pckg⥌rewe
  ⥌2,49⥌Nivea Deospray⥌;versch. Sorten , je 150-ml-Dose , (1 l = 16,60)⥌rewe
  ⥌2,59⥌Always Slipeinlagen Daily Protect⥌;XL mit Duft , je 40-St.-Pckg⥌rewe
  ⥌0,99⥌Hokkaido Kürbis⥌;je 1 kg⥌rewe
  ⥌0,99⥌Knoblauch⥌;Kl. I , je 200-g-Netz , (1 kg = 4,95)⥌rewe
  ⥌2,99⥌Heidelbeeren⥌;Kl. I , je 200-g-Schale , (1 kg = 14,95)⥌rewe
  ⥌4,44⥌Kernlose Tafeltrauben⥌;Sorte: siehe Etikett, Kl. I , je 1 kg⥌rewe
  ⥌1,29⥌Suppengrün⥌;je 500-g-Pckg , (1 kg = 2,58)⥌rewe
  ⥌1,19⥌Bio Schalotten⥌;Kl. II , je 200-g-Netz , (1 kg = 5,95)⥌rewe
  ⥌0,88⥌Speisemöhren⥌;Kl. I , je 1,5-kg-Btl , (1 kg = 0,59)⥌rewe
  ⥌1,79⥌Bananen⥌;Ursprung: siehe Etikett , je 1 kg⥌rewe
  ⥌1,49⥌Rügenwalder Teewurst oder Leberwurst⥌;versch. Sorten , je 125-g-Becher , (1 kg = 11,92)⥌rewe
  ⥌1,59⥌Herta Finesse Aufschnitt⥌;versch. Sorten , je 100-g-Pckg , (1 kg = 15,90)⥌rewe
  ⥌1,49⥌Zum Dorfkrug Frische Salatsauce⥌;versch. Sorten , je 250-ml-Fl , (1 l = 5,96)⥌rewe
  ⥌0,99⥌Oberland Räucherkäse Natur oder Schinken⥌;Schmelzkäse­zubereitung, versch. Sorten , je 100 g⥌rewe
  ⥌1,99⥌Campofrio Serrano-Schinken⥌;je 100 g⥌rewe
  ⥌2,69⥌Innocent Direktsaft⥌;Orange , je 900-ml-Fl , (1 l = 2,99) , zzgl. 0,25 Pfand⥌rewe
  ⥌2,69⥌Innocent Saft Blue Break⥌;je 750-ml-Fl , (1 l = 3,59) , zzgl. 0,25 Pfand⥌rewe
  ⥌2,99⥌Vita Coco Kokosnusswasser⥌;versch. Sorten , je 1-l-Pckg⥌rewe
  ⥌1,69⥌Popp Meistersalat⥌;versch. Sorten , je 200-g-Pckg , (1 kg = 8,45)⥌rewe
  ⥌2,39⥌Hokkaido⥌;geschnitten , je 600-g-Btl , (1 kg = 3,98)⥌rewe
  ⥌1,59⥌Wilhelm Brandenburg Meisterschinken⥌;gegart , je 100 g⥌rewe
  ⥌1,99⥌Reinert Schinken Nuggetz⥌;herzhaft oder extra mager , je 150-g-Pckg , (1 kg = 13,27)⥌rewe
  ⥌1,19⥌REWE Bio + vegan Hummus⥌;versch. Sorten , je 200-g-Schale , (1 kg = 5,95)⥌rewe
  ⥌1,69⥌Galbani Gorgonzola⥌;ital. Weichkäse mit Blauschimmel, 48% Fett i.Tr. , je 100 g⥌rewe
  ⥌3,29⥌YFood Trinkmahlzeit⥌;versch. Sorten, teilw. koffeinhaltig , je 500-ml-Fl , (1 l = 6,58) , zzgl. 0,25 Pfand⥌rewe
  ⥌2,22⥌Danone Actimel Drink⥌;versch. Sorten , je 8 x 100-g-Fl.-Pckg , (1 kg = 2,78)⥌rewe
  ⥌1,69⥌Grünländer Käsescheiben mild & nussig oder Naturfreunde Tilsiterscheiben⥌;je 140-g-Pckg , (1 kg = 12,07)⥌rewe
  ⥌0,39⥌Müller Milch Reis⥌;versch. Sorten , je 200-g-Becher , (1 kg = 1,95)⥌rewe
  ⥌0,59⥌Ehrmann Grand Dessert⥌;versch. Sorten , je 190-g-Becher , (1 kg = 3,11)⥌rewe
  ⥌0,49⥌Müller Joghurt mit der Ecke⥌;versch. Sorten , je 150-g-Becher , (1 kg = 3,27)⥌rewe
  ⥌3,49⥌Meggle Butterschmalz⥌;je 250-g-Becher , (1 kg = 13,96)⥌rewe
  ⥌2,89⥌Mini Babybel 9er⥌;45% Fett i.Tr. , je 180-g-Netz , (1 kg = 16,06)⥌rewe
  ⥌0,69⥌Müller Reine Buttermilch⥌;je 500-g-Fl , (1 kg = 1,38) , zzgl. 0,25 Pfand⥌rewe
  ⥌1,99⥌Tante Fanny Frischer Dinkel Pizzateig⥌;je 400-g-Pckg , (1 kg = 4,98)⥌rewe
  ⥌1,99⥌Zott Zottarella⥌;je 330-g-Btl , (1 kg = 9,95) , 200-g-Abtropfgew.⥌rewe
  ⥌1,79⥌REWE Beste Wahl Räucherlaxxs vegan⥌;je 100-g-Pckg , (1 kg = 17,90)⥌rewe
  ⥌1,29⥌Rama Brotaufstrich⥌;je 225-g-Becher , (1 kg = 5,73)⥌rewe
  ⥌2,49⥌Rügenwalder Vegane Mühlen Schnitzel⥌;je 2 x 90-g-Pckg , (1 kg = 13,83)⥌rewe
  ⥌2,49⥌Rügenwalder Vegane Mühlen Cordon bleu⥌;je 2 x 100-g-Pckg , (1 kg = 12,45)⥌rewe
  ⥌0,75⥌REWE Beste Wahl Soja Natur⥌;ungesüsst , je 500-g-Becher , (1 kg = 1,50)⥌rewe
  ⥌1,79⥌REWE Bio + vegan Falafel-Bällchen oder Gemüse-Hafer-Bällchen⥌;je 200-g-Pckg , (1 kg = 8,95)⥌rewe
  ⥌1,99⥌Zott Cheese Tiger Original⥌;je 84-g-Pckg , (1 kg = 23,69)⥌rewe
  ⥌1,99⥌Bresso 100% Pflanzlich⥌;je 140-g-Becher , (1 kg = 14,21)⥌rewe
  ⥌1,69⥌Omami Kichererbsen Tofu⥌;je 180-g-Pckg , (1 kg = 9,39)⥌rewe
  ⥌1,59⥌Original Wagner Flammkuchen Elsässer Art⥌;tiefgefroren , je 300-g-Pckg , (1 kg = 5,30)⥌rewe
  ⥌1,59⥌Original Wagner Steinofen Pizza Salami⥌;tiefgefroren , je 320-g-Pckg , (1 kg = 4,97)⥌rewe
  ⥌2,99⥌Iglo 15 Fischstäbchen⥌;tiefgefroren , je 450-g-Pckg , (1 kg = 6,64)⥌rewe
  ⥌2,99⥌Iglo 13 Backfischstäbchen⥌;tiefgefroren , je 364-g-Pckg , (1 kg = 8,21)⥌rewe
  ⥌6,49⥌Coppenrath & Wiese Kuchen Vielfalt⥌;fruchtig und schokoladig, tiefgefroren , je 840-g-Pckg , (1 kg = 7,73)⥌rewe
  ⥌2,99⥌Iglo Chicken Nuggets⥌;versch. Sorten, tiefgefroren , je 250-g-Pckg , (1 kg = 11,96)⥌rewe
  ⥌1,49⥌REWE Bio Brechbohnen⥌;tiefgefroren , je 450-g-Pckg , (1 kg = 3,31)⥌rewe
  ⥌4,79⥌Mälzer & Fu Eiscreme⥌;versch. Sorten , je 500-ml-Becher , (1 l = 9,58)⥌rewe
  ⥌1,99⥌REWE Beste Wahl Mini-Pizza Pomodori⥌;vegan, tiefgefroren , je 360-g-Pckg , (1 kg = 5,53)⥌rewe
  ⥌1,59⥌REWE Beste Wahl Burger Patties⥌;tiefgefroren , je 230-g-Pckg , (1 kg = 6,91)⥌rewe
  ⥌14,99⥌Melitta Bella Crema⥌;versch. Sorten, ganze Bohnen , je 1000-g-Btl⥌rewe
  ⥌1,59⥌REWE Bio Körner-Sandwich⥌;je 375-g-Pckg , (1 kg = 4,24)⥌rewe
  ⥌7,49⥌Jacobs Krönung⥌;versch. Sorten, gemahlener Bohnenkaffee , je 500-g-Pckg , (1 kg = 14,98)⥌rewe
  ⥌0,49⥌Maggi Fix Lachs-Sahne Gratin⥌;je 26-g-Btl , (1 kg = 18,85)⥌rewe
  ⥌0,49⥌Maggi Airfryer Paprika Pommes Frites⥌;je 34-g-Btl , (1 kg = 14,41)⥌rewe
  ⥌0,79⥌Maggi Delikatess Sauce⥌;versch. Sorten, ausreichend für 2 x 0,25 Liter , je Pckg⥌rewe
  ⥌1,49⥌De Cecco Pasta⥌;versch. Ausformungen , je 500-g-Pckg , (1 kg = 2,98)⥌rewe
  ⥌0,99⥌Knorr Pasta Pot⥌;Käse & Sahne , je 63-g-Becher , (1 kg = 15,71)⥌rewe
  ⥌0,99⥌REWE Beste Wahl Spaghetti⥌;je 500-g-Btl , (1 kg = 1,98)⥌rewe
  ⥌1,89⥌REWE Bio + vegan Banana Bread⥌;je 350-g-Btl , (1 kg = 5,40)⥌rewe
  ⥌2,22⥌REWE Bio + vegan Zimtschnecken⥌;je 497-g-Pckg , (1 kg = 4,47)⥌rewe
  ⥌0,89⥌REWE Bio Polenta⥌;je 500-g-Pckg , (1 kg = 1,78)⥌rewe
  ⥌2,49⥌Little Lunch Bio Protein Bowl oder Suppe⥌;versch. Sorten , je 350-ml-Glas , (1 l = 7,11)⥌rewe
  ⥌1,69⥌Pringles Chips⥌;Sour Cream & Onion , je 165-g-Dose , (1 kg = 10,24)⥌rewe
  ⥌1,69⥌Pringles Chips⥌;Hot Cheese & Chilli Flavour , je 160-g-Dose , (1 kg = 10,56)⥌rewe
  ⥌1,11⥌Lorenz Erdnuß Locken⥌;Classic , je 175-g-Btl , (1 kg = 6,34)⥌rewe
  ⥌1,11⥌Lorenz Saltletts Sticks⥌;je 250-g-Pckg , (1 kg = 4,44)⥌rewe
  ⥌1,11⥌Chio Tortillas⥌;Nacho Cheese Style , je 110-g-Btl , (1 kg = 10,09)⥌rewe
  ⥌1,11⥌Chio Ready Made Popcorn⥌;süß , je 120-g-Btl , (1 kg = 9,25)⥌rewe
  ⥌1,59⥌Storck Knoppers oder Knoppers Nussriegel⥌;je 8 x 25/5 x 40-g-Pckg , (1 kg = 7,95)⥌rewe
  ⥌1,29⥌Ritter Sport Schokolade⥌;versch. Sorten , je 100-g-Tafel , (1 kg = 12,90)⥌rewe
  ⥌1,29⥌Mentos Mint Kaubonbons⥌;je 3 x 38-g-Pckg , (1 kg = 11,32)⥌rewe
  ⥌2,99⥌Mars Celebrations⥌;je 186-g-Pckg , (1 kg = 16,08)⥌rewe
  ⥌1,79⥌Haribo Fruchtgummi Minis⥌;versch. Sorten , je 250-g-Btl , (1 kg = 7,16)⥌rewe
  ⥌2,99⥌Mars Snickers Minis⥌;je 227-g-Pckg , (1 kg = 13,17)⥌rewe
  ⥌1,49⥌De Beukelaer Cereola Cookies oder Der Klassiker⥌;je 150-g-Pckg , (1 kg = 9,93)⥌rewe
  ⥌1,29⥌Chupa Chups Lollipops The Best of⥌;je 120-g-Btl , (1 kg = 10,75)⥌rewe
  ⥌2,29⥌Bahlsen Lebkuchen⥌;versch. Sorten , je 200-g-Pckg , (1 kg = 11,45)⥌rewe
  ⥌1,99⥌funny-frisch Chipsfrisch⥌;ungarisch , je 215-g-Btl , (1 kg = 9,26)⥌rewe
  ⥌2,49⥌Walnüsse⥌;Kl. I , je 500-g-Btl , (1 kg = 4,98)⥌rewe
  ⥌1,49⥌Getrocknete Datteln⥌;je 200-g-Schale , (1 kg = 7,45)⥌rewe
  ⥌2,29⥌Erdnüsse⥌;je 400-g-Btl , (1 kg = 5,73)⥌rewe
  ⥌2,99⥌Haselnüsse⥌;Kl. I , je 400-g-Btl , (1 kg = 7,48)⥌rewe
  ⥌1,99⥌ja! Gelee Bananen⥌;je 250-g-Pckg , (1 kg = 7,96)⥌rewe
  ⥌3,49⥌Volvic Mineralwasser⥌;naturelle , je 6 x 1,5-l-Fl.-Pckg , (1 l = 0,39) , zzgl. 1,50 Pfand⥌rewe
  ⥌11,99⥌Coca-Cola*, Coca-Cola Zero*, Fanta oder Sprite Mischkasten⥌;versch. Sorten, *koffeinhaltig , je 12 x 1-l-Fl.-Kasten , (1 l = 1,00) , zzgl. 3,30 + 0,25 Pfand⥌rewe
  ⥌0,79⥌Pepsi⥌;versch. Sorten, koffeinhaltig , je 1,25-l-Fl , (1 l = 0,63) , zzgl. 0,25 Pfand⥌rewe
  ⥌0,99⥌Monster Energy Drink⥌;versch. Sorten, koffeinhaltig , je 0,5-l-Dose , (1 l = 1,98) , zzgl. 0,25 Pfand⥌rewe
  ⥌0,99⥌Red Bull Energy Drink⥌;versch. Sorten, koffeinhaltig , je 0,25-l-Dose , (1 l = 3,96) , zzgl. 0,25 Pfand⥌rewe
  ⥌0,75⥌Coca-Cola oder Fanta⥌;versch. Sorten, teilw. koffeinhaltig , je 0,33-l-Dose , (1 l = 2,27) , zzgl. 0,25 Pfand⥌rewe
  ⥌4,99⥌Peroni Nastro Azzurro⥌;je 6 x 0,33-l-Fl.-Sixpack , (1 l = 2,52) , zzgl. 0,48 Pfand⥌rewe
  ⥌0,75⥌Krombacher Pils⥌;je 0,5-l-Dose , (1 l = 1,50) , zzgl. 0,25 Pfand⥌rewe
  ⥌2,99⥌Blanchet Blanc de Blanc⥌;trocken , je 0,75-l-Fl , (1 l = 3,99)⥌rewe
  ⥌6,49⥌Puschkin Vodka⥌;37,5% Vol. , je 0,7-l-Fl , (1 l = 9,27)⥌rewe
  ⥌3,69⥌Zewa Toilettenpapier Ultra Smart⥌;ohne Hülse, 4-lagig , je 4 x 280-Blatt-Pckg⥌rewe
  ⥌1,39⥌Tempo feuchtes Toilettenpapier⥌;versch. Sorten , je 42-St.-Pckg⥌rewe
  ⥌1,59⥌Barebells Riegel⥌;Hazelnut Spread oder Chocolate Spread , je 45-g-Riegel , (1 kg = 35,33)⥌rewe
  ⥌2,99⥌Always Discreet Inkontinenzeinlagen⥌;Normal , je 16-St.-Pckg⥌rewe
  ⥌2,99⥌Always Discreet Inkontinenzeinlagen⥌;Long , je 12-St.-Pckg⥌rewe
  ⥌3,99⥌Listerine Total Care Mundspülung⥌;versch. Sorten , je 500-ml-Fl , (1 l = 7,98)⥌rewe
  ⥌3,29⥌Nivea Soft Creme⥌;je 200-ml-Tiegel , (1 l = 16,45)⥌rewe
  ⥌2,59⥌Always Slipeinlagen Daily Fresh⥌;Normal , je 56-St.-Pckg⥌rewe
  ⥌1,99⥌Tempo Taschentücher⥌;je 15 x 10-St.-Pckg⥌rewe
  ⥌2,49⥌Nivea Deospray⥌;versch. Sorten , je 150-ml-Dose , (1 l = 16,60)⥌rewe
  ⥌2,59⥌Always Slipeinlagen Daily Protect⥌;XL mit Duft , je 40-St.-Pckg⥌rewe
  ⥌1,99⥌Tempo Taschentücher Box⥌;je 100-St.-Pckg⥌rewe
  ⥌0,49⥌Sheba Katzennahrung⥌;versch. Sorten , je 85-g-Btl./Schale , (1 kg = 5,76)⥌rewe
  ⥌2,29⥌Weihnachtskaktus⥌;versch. Farben, für die Innendekoration , je Topf⥌rewe
  ⥌7,99⥌Tischorchidee⥌;versch. Farben , je Topf⥌rewe
  ⥌1,69⥌Usambaraveilchen⥌;versch. Farben , je Topf⥌rewe
